STATION,STATION_NAME,ELEVATION,LATITUDE,LONGITUDE,DATE,PRCP,SNWD,SNOW,TMAX,TMIN,WT01,WT05,WT04,WT03
GHCND:USC00241044,BOZEMAN MONTANA SU MT US,1497.5,45.6622,-111.0452,20140101,5,152,5,33,-17,-9999,-9999,-9999,-9999
GHCND:USC00241044,BOZEMAN MONTANA SU MT US,1497.5,45.6622,-111.0452,20140102,0,152,0,28,-83,-9999,-9999,-9999,-9999
GHCND:USC00241044,BOZEMAN MONTANA SU MT US,1497.5,45.6622,-111.0452,20140103,5,152,5,67,-11,-9999,-9999,-9999,-9999
GHCND:USC00241044,BOZEMAN MONTANA SU MT US,1497.5,45.6622,-111.0452,20140104,10,178,20,11,-133,-9999,-9999,-9999,-9999
GHCND:USC00241044,BOZEMAN MONTANA SU MT US,1497.5,45.6622,-111.0452,20140105,18,203,36,-72,-194,-9999,-9999,-9999,-9999
GHCND:USC00241044,BOZEMAN MONTANA SU MT US,1497.5,45.6622,-111.0452,20140106,0,203,0,-61,-239,-9999,-9999,-9999,-9999
GHCND:USC00241044,BOZEMAN MONTANA SU MT US,1497.5,45.6622,-111.0452,20140107,8,203,0,17,-78,-9999,-9999,-9999,-9999
GHCND:USC00241044,BOZEMAN MONTANA SU MT US,1497.5,45.6622,-111.0452,20140108,5,203,0,33,-61,-9999,-9999,-9999,-9999
GHCND:USC00241044,BOZEMAN MONTANA SU MT US,1497.5,45.6622,-111.0452,20140109,10,203,10,33,-17,-9999,-9999,-9999,-9999
GHCND:USC00241044,BOZEMAN MONTANA SU MT US,1497.5,45.6622,-111.0452,20140110,0,203,0,28,-44,-9999,-9999,-9999,-9999
GHCND:USC00241044,BOZEMAN MONTANA SU MT US,1497.5,45.6622,-111.0452,20140111,0,178,0,94,6,-9999,-9999,-9999,-9999
GHCND:USC00241044,BOZEMAN MONTANA SU MT US,1497.5,45.6622,-111.0452,20140112,5,178,0,78,-28,-9999,-9999,-9999,-9999
GHCND:USC00241044,BOZEMAN MONTANA SU MT US,1497.5,45.6622,-111.0452,20140113,0,152,0,56,-17,-9999,-9999,-9999,-9999
GHCND:USC00241044,BOZEMAN MONTANA SU MT US,1497.5,45.6622,-111.0452,20140114,0,102,0,56,-17,-9999,-9999,-9999,-9999
GHCND:USC00241044,BOZEMAN MONTANA SU MT US,1497.5,45.6622,-111.0452,20140115,0,102,0,61,-50,-9999,-9999,-9999,-9999
GHCND:USC00241044,BOZEMAN MONTANA SU MT US,1497.5,45.6622,-111.0452,20140116,0,76,0,78,-44,-9999,-9999,-9999,-9999
GHCND:USC00241044,BOZEMAN MONTANA SU MT US,1497.5,45.6622,-111.0452,20140117,0,76,0,83,-78,-9999,-9999,-9999,-9999
GHCND:USC00241044,BOZEMAN MONTANA SU MT US,1497.5,45.6622,-111.0452,20140118,0,76,0,83,-83,-9999,-9999,-9999,-9999
GHCND:USC00241044,BOZEMAN MONTANA SU MT US,1497.5,45.6622,-111.0452,20140119,0,76,0,72,-44,-9999,-9999,-9999,-9999
GHCND:USC00241044,BOZEMAN MONTANA SU MT US,1497.5,45.6622,-111.0452,20140120,0,76,0,56,-89,-9999,-9999,-9999,-9999
GHCND:USC00241044,BOZEMAN MONTANA SU MT US,1497.5,45.6622,-111.0452,20140121,0,76,0,61,-89,-9999,-9999,-9999,-9999
GHCND:USC00241044,BOZEMAN MONTANA SU MT US,1497.5,45.6622,-111.0452,20140122,25,102,25,61,-50,-9999,-9999,-9999,-9999
GHCND:USC00241044,BOZEMAN MONTANA SU MT US,1497.5,45.6622,-111.0452,20140123,0,102,0,-11,-106,-9999,-9999,-9999,-9999
GHCND:USC00241044,BOZEMAN MONTANA SU MT US,1497.5,45.6622,-111.0452,20140124,0,102,0,39,-72,-9999,-9999,-9999,-9999
GHCND:USC00241044,BOZEMAN MONTANA SU MT US,1497.5,45.6622,-111.0452,20140125,0,102,0,72,-78,-9999,-9999,-9999,-9999
GHCND:USC00241044,BOZEMAN MONTANA SU MT US,1497.5,45.6622,-111.0452,20140126,15,127,15,56,-39,-9999,-9999,-9999,-9999
GHCND:USC00241044,BOZEMAN MONTANA SU MT US,1497.5,45.6622,-111.0452,20140127,3,127,3,-33,-122,-9999,-9999,-9999,-9999
GHCND:USC00241044,BOZEMAN MONTANA SU MT US,1497.5,45.6622,-111.0452,20140128,0,127,0,-28,-167,-9999,-9999,-9999,-9999
GHCND:USC00241044,BOZEMAN MONTANA SU MT US,1497.5,45.6622,-111.0452,20140129,3,127,0,33,-67,-9999,-9999,-9999,-9999
GHCND:USC00241044,BOZEMAN MONTANA SU MT US,1497.5,45.6622,-111.0452,20140130,36,178,71,39,-117,-9999,-9999,-9999,-9999
GHCND:USC00241044,BOZEMAN MONTANA SU MT US,1497.5,45.6622,-111.0452,20140131,28,229,56,-22,-178,-9999,-9999,-9999,-9999
GHCND:USC00241044,BOZEMAN MONTANA SU MT US,1497.5,45.6622,-111.0452,20140201,46,305,66,-33,-139,-9999,-9999,-9999,-9999
GHCND:USC00241044,BOZEMAN MONTANA SU MT US,1497.5,45.6622,-111.0452,20140202,3,305,5,-78,-211,-9999,-9999,-9999,-9999
GHCND:USC00241044,BOZEMAN MONTANA SU MT US,1497.5,45.6622,-111.0452,20140203,0,305,0,-72,-189,-9999,-9999,-9999,-9999
GHCND:USC00241044,BOZEMAN MONTANA SU MT US,1497.5,45.6622,-111.0452,20140204,0,305,0,-139,-217,-9999,-9999,-9999,-9999
GHCND:USC00241044,BOZEMAN MONTANA SU MT US,1497.5,45.6622,-111.0452,20140205,0,305,0,-178,-267,-9999,-9999,-9999,-9999
GHCND:USC00241044,BOZEMAN MONTANA SU MT US,1497.5,45.6622,-111.0452,20140206,0,305,0,-217,-333,-9999,-9999,-9999,-9999
GHCND:USC00241044,BOZEMAN MONTANA SU MT US,1497.5,45.6622,-111.0452,20140207,3,305,0,-78,-300,-9999,-9999,-9999,-9999
GHCND:USC00241044,BOZEMAN MONTANA SU MT US,1497.5,45.6622,-111.0452,20140208,30,356,51,-94,-167,-9999,-9999,-9999,-9999
GHCND:USC00241044,BOZEMAN MONTANA SU MT US,1497.5,45.6622,-111.0452,20140209,28,406,84,-122,-178,-9999,-9999,-9999,-9999
GHCND:USC00241044,BOZEMAN MONTANA SU MT US,1497.5,45.6622,-111.0452,20140210,0,406,0,-17,-167,-9999,-9999,-9999,-9999
GHCND:USC00241044,BOZEMAN MONTANA SU MT US,1497.5,45.6622,-111.0452,20140211,8,305,8,33,-33,-9999,-9999,-9999,-9999
GHCND:USC00241044,BOZEMAN MONTANA SU MT US,1497.5,45.6622,-111.0452,20140212,0,279,0,67,-89,-9999,-9999,-9999,-9999
GHCND:USC00241044,BOZEMAN MONTANA SU MT US,1497.5,45.6622,-111.0452,20140213,8,229,8,67,-6,-9999,-9999,-9999,-9999
GHCND:USC00241044,BOZEMAN MONTANA SU MT US,1497.5,45.6622,-111.0452,20140214,0,229,0,50,-61,-9999,-9999,-9999,-9999
GHCND:USC00241044,BOZEMAN MONTANA SU MT US,1497.5,45.6622,-111.0452,20140215,10,229,0,61,-33,-9999,-9999,-9999,-9999
GHCND:USC00241044,BOZEMAN MONTANA SU MT US,1497.5,45.6622,-111.0452,20140216,43,229,43,78,-17,-9999,-9999,-9999,-9999
GHCND:USC00241044,BOZEMAN MONTANA SU MT US,1497.5,45.6622,-111.0452,20140217,0,229,0,61,-67,-9999,-9999,-9999,-9999
GHCND:USC00241044,BOZEMAN MONTANA SU MT US,1497.5,45.6622,-111.0452,20140218,0,229,0,61,-44,-9999,-9999,-9999,-9999
GHCND:USC00241044,BOZEMAN MONTANA SU MT US,1497.5,45.6622,-111.0452,20140219,0,229,0,50,-28,-9999,-9999,-9999,-9999
GHCND:USC00241044,BOZEMAN MONTANA SU MT US,1497.5,45.6622,-111.0452,20140220,0,229,0,0,-72,-9999,-9999,-9999,-9999
GHCND:USC00241044,BOZEMAN MONTANA SU MT US,1497.5,45.6622,-111.0452,20140221,0,229,0,0,-56,-9999,-9999,-9999,-9999
GHCND:USC00241044,BOZEMAN MONTANA SU MT US,1497.5,45.6622,-111.0452,20140222,36,305,71,-28,-106,-9999,-9999,-9999,-9999
GHCND:USC00241044,BOZEMAN MONTANA SU MT US,1497.5,45.6622,-111.0452,20140223,0,305,0,-56,-122,-9999,-9999,-9999,-9999
GHCND:USC00241044,BOZEMAN MONTANA SU MT US,1497.5,45.6622,-111.0452,20140224,8,279,15,-89,-161,-9999,-9999,-9999,-9999
GHCND:USC00241044,BOZEMAN MONTANA SU MT US,1497.5,45.6622,-111.0452,20140225,56,305,102,-100,-133,-9999,-9999,-9999,-9999
GHCND:USC00241044,BOZEMAN MONTANA SU MT US,1497.5,45.6622,-111.0452,20140226,0,305,0,-44,-233,-9999,-9999,-9999,-9999
GHCND:USC00241044,BOZEMAN MONTANA SU MT US,1497.5,45.6622,-111.0452,20140227,0,279,0,11,-156,-9999,-9999,-9999,-9999
GHCND:USC00241044,BOZEMAN MONTANA SU MT US,1497.5,45.6622,-111.0452,20140228,76,381,152,6,-150,-9999,-9999,-9999,-9999
GHCND:USC00241044,BOZEMAN MONTANA SU MT US,1497.5,45.6622,-111.0452,20140301,25,406,76,-128,-244,-9999,-9999,-9999,-9999
GHCND:USC00241044,BOZEMAN MONTANA SU MT US,1497.5,45.6622,-111.0452,20140302,8,406,8,-78,-250,-9999,-9999,-9999,-9999
GHCND:USC00241044,BOZEMAN MONTANA SU MT US,1497.5,45.6622,-111.0452,20140303,13,305,13,83,-117,-9999,-9999,-9999,-9999
GHCND:USC00241044,BOZEMAN MONTANA SU MT US,1497.5,45.6622,-111.0452,20140304,25,305,0,89,-11,-9999,-9999,-9999,-9999
GHCND:USC00241044,BOZEMAN MONTANA SU MT US,1497.5,45.6622,-111.0452,20140305,0,279,0,100,-17,-9999,-9999,-9999,-9999
GHCND:USC00241044,BOZEMAN MONTANA SU MT US,1497.5,45.6622,-111.0452,20140306,69,279,0,89,0,-9999,-9999,-9999,-9999
GHCND:USC00241044,BOZEMAN MONTANA SU MT US,1497.5,45.6622,-111.0452,20140307,8,254,0,61,-6,-9999,-9999,-9999,-9999
GHCND:USC00241044,BOZEMAN MONTANA SU MT US,1497.5,45.6622,-111.0452,20140308,0,229,0,72,-50,-9999,-9999,-9999,-9999
GHCND:USC00241044,BOZEMAN MONTANA SU MT US,1497.5,45.6622,-111.0452,20140309,0,203,0,106,33,-9999,-9999,-9999,-9999
GHCND:USC00241044,BOZEMAN MONTANA SU MT US,1497.5,45.6622,-111.0452,20140310,71,203,0,111,11,-9999,-9999,-9999,-9999
GHCND:USC00241044,BOZEMAN MONTANA SU MT US,1497.5,45.6622,-111.0452,20140311,249,254,127,22,-28,-9999,-9999,-9999,-9999
GHCND:USC00241044,BOZEMAN MONTANA SU MT US,1497.5,45.6622,-111.0452,20140312,0,229,0,44,-78,-9999,-9999,-9999,-9999
GHCND:USC00241044,BOZEMAN MONTANA SU MT US,1497.5,45.6622,-111.0452,20140313,0,229,0,78,-72,-9999,-9999,-9999,-9999
GHCND:USC00241044,BOZEMAN MONTANA SU MT US,1497.5,45.6622,-111.0452,20140314,0,203,0,83,-50,-9999,-9999,-9999,-9999
GHCND:USC00241044,BOZEMAN MONTANA SU MT US,1497.5,45.6622,-111.0452,20140315,0,203,0,67,0,-9999,-9999,-9999,-9999
GHCND:USC00241044,BOZEMAN MONTANA SU MT US,1497.5,45.6622,-111.0452,20140316,0,152,0,117,-11,-9999,-9999,-9999,-9999
GHCND:USC00241044,BOZEMAN MONTANA SU MT US,1497.5,45.6622,-111.0452,20140317,51,152,51,117,-6,-9999,-9999,-9999,-9999
GHCND:USC00241044,BOZEMAN MONTANA SU MT US,1497.5,45.6622,-111.0452,20140318,76,178,102,11,-44,-9999,-9999,1,-9999
GHCND:USC00241044,BOZEMAN MONTANA SU MT US,1497.5,45.6622,-111.0452,20140319,0,178,0,33,-100,-9999,-9999,-9999,-9999
GHCND:USC00241044,BOZEMAN MONTANA SU MT US,1497.5,45.6622,-111.0452,20140320,0,178,0,61,0,-9999,-9999,-9999,-9999
GHCND:USC00241044,BOZEMAN MONTANA SU MT US,1497.5,45.6622,-111.0452,20140321,0,178,0,28,-67,-9999,-9999,-9999,-9999
GHCND:USC00241044,BOZEMAN MONTANA SU MT US,1497.5,45.6622,-111.0452,20140322,0,178,0,6,-111,-9999,-9999,-9999,-9999
GHCND:USC00241044,BOZEMAN MONTANA SU MT US,1497.5,45.6622,-111.0452,20140323,0,178,0,22,-56,-9999,-9999,-9999,-9999
GHCND:USC00241044,BOZEMAN MONTANA SU MT US,1497.5,45.6622,-111.0452,20140324,0,178,0,28,-89,-9999,-9999,-9999,-9999
GHCND:USC00241044,BOZEMAN MONTANA SU MT US,1497.5,45.6622,-111.0452,20140325,0,127,0,111,-72,-9999,-9999,-9999,-9999
GHCND:USC00241044,BOZEMAN MONTANA SU MT US,1497.5,45.6622,-111.0452,20140326,46,102,0,128,0,-9999,-9999,-9999,-9999
GHCND:USC00241044,BOZEMAN MONTANA SU MT US,1497.5,45.6622,-111.0452,20140327,61,127,61,72,-44,-9999,-9999,-9999,-9999
GHCND:USC00241044,BOZEMAN MONTANA SU MT US,1497.5,45.6622,-111.0452,20140328,36,102,36,78,-39,-9999,-9999,-9999,-9999
GHCND:USC00241044,BOZEMAN MONTANA SU MT US,1497.5,45.6622,-111.0452,20140329,38,76,0,83,11,-9999,-9999,-9999,-9999
GHCND:USC00241044,BOZEMAN MONTANA SU MT US,1497.5,45.6622,-111.0452,20140330,48,102,0,39,0,-9999,-9999,-9999,-9999
GHCND:USC00241044,BOZEMAN MONTANA SU MT US,1497.5,45.6622,-111.0452,20140331,53,102,53,39,-33,-9999,-9999,-9999,-9999
GHCND:USC00241044,BOZEMAN MONTANA SU MT US,1497.5,45.6622,-111.0452,20140401,0,76,0,56,-50,-9999,-9999,-9999,-9999
GHCND:USC00241044,BOZEMAN MONTANA SU MT US,1497.5,45.6622,-111.0452,20140402,5,51,0,56,-39,-9999,-9999,-9999,-9999
GHCND:USC00241044,BOZEMAN MONTANA SU MT US,1497.5,45.6622,-111.0452,20140403,10,25,0,78,-50,-9999,-9999,-9999,-9999
GHCND:USC00241044,BOZEMAN MONTANA SU MT US,1497.5,45.6622,-111.0452,20140404,0,0,0,106,-33,-9999,-9999,-9999,-9999
GHCND:USC00241044,BOZEMAN MONTANA SU MT US,1497.5,45.6622,-111.0452,20140405,89,0,0,100,-6,-9999,-9999,-9999,-9999
GHCND:USC00241044,BOZEMAN MONTANA SU MT US,1497.5,45.6622,-111.0452,20140406,8,0,0,89,0,-9999,-9999,-9999,-9999
GHCND:USC00241044,BOZEMAN MONTANA SU MT US,1497.5,45.6622,-111.0452,20140407,0,0,0,133,17,-9999,-9999,-9999,-9999
GHCND:USC00241044,BOZEMAN MONTANA SU MT US,1497.5,45.6622,-111.0452,20140408,0,0,0,200,-11,-9999,-9999,-9999,-9999
GHCND:USC00241044,BOZEMAN MONTANA SU MT US,1497.5,45.6622,-111.0452,20140409,0,0,0,200,67,-9999,-9999,-9999,-9999
GHCND:USC00241044,BOZEMAN MONTANA SU MT US,1497.5,45.6622,-111.0452,20140410,0,0,0,139,-17,-9999,-9999,-9999,-9999
GHCND:USC00241044,BOZEMAN MONTANA SU MT US,1497.5,45.6622,-111.0452,20140411,0,0,0,172,-6,-9999,-9999,-9999,-9999
GHCND:USC00241044,BOZEMAN MONTANA SU MT US,1497.5,45.6622,-111.0452,20140412,0,0,0,183,-17,-9999,-9999,-9999,-9999
GHCND:USC00241044,BOZEMAN MONTANA SU MT US,1497.5,45.6622,-111.0452,20140413,0,0,0,61,-67,-9999,-9999,-9999,-9999
GHCND:USC00241044,BOZEMAN MONTANA SU MT US,1497.5,45.6622,-111.0452,20140414,0,0,0,106,-89,-9999,-9999,-9999,-9999
GHCND:USC00241044,BOZEMAN MONTANA SU MT US,1497.5,45.6622,-111.0452,20140415,48,0,0,133,6,-9999,-9999,-9999,-9999
GHCND:USC00241044,BOZEMAN MONTANA SU MT US,1497.5,45.6622,-111.0452,20140416,8,0,0,83,-11,-9999,-9999,-9999,-9999
GHCND:USC00241044,BOZEMAN MONTANA SU MT US,1497.5,45.6622,-111.0452,20140417,0,0,0,144,-6,-9999,-9999,-9999,-9999
GHCND:USC00241044,BOZEMAN MONTANA SU MT US,1497.5,45.6622,-111.0452,20140418,91,0,0,144,-11,-9999,-9999,-9999,-9999
GHCND:USC00241044,BOZEMAN MONTANA SU MT US,1497.5,45.6622,-111.0452,20140419,0,0,0,167,-39,-9999,-9999,-9999,-9999
GHCND:USC00241044,BOZEMAN MONTANA SU MT US,1497.5,45.6622,-111.0452,20140420,0,0,0,172,28,-9999,-9999,-9999,-9999
GHCND:USC00241044,BOZEMAN MONTANA SU MT US,1497.5,45.6622,-111.0452,20140421,0,0,0,189,-17,-9999,-9999,-9999,-9999
GHCND:USC00241044,BOZEMAN MONTANA SU MT US,1497.5,45.6622,-111.0452,20140422,3,0,0,194,83,-9999,-9999,-9999,-9999
GHCND:USC00241044,BOZEMAN MONTANA SU MT US,1497.5,45.6622,-111.0452,20140423,114,0,0,156,-11,-9999,-9999,-9999,-9999
GHCND:USC00241044,BOZEMAN MONTANA SU MT US,1497.5,45.6622,-111.0452,20140424,0,0,0,106,22,-9999,-9999,-9999,-9999
GHCND:USC00241044,BOZEMAN MONTANA SU MT US,1497.5,45.6622,-111.0452,20140425,3,0,0,133,0,-9999,-9999,-9999,-9999
GHCND:USC00241044,BOZEMAN MONTANA SU MT US,1497.5,45.6622,-111.0452,20140426,28,0,0,139,11,-9999,-9999,-9999,-9999
GHCND:USC00241044,BOZEMAN MONTANA SU MT US,1497.5,45.6622,-111.0452,20140427,74,0,0,89,6,-9999,-9999,-9999,-9999
GHCND:USC00241044,BOZEMAN MONTANA SU MT US,1497.5,45.6622,-111.0452,20140428,84,25,84,89,-17,-9999,-9999,-9999,-9999
GHCND:USC00241044,BOZEMAN MONTANA SU MT US,1497.5,45.6622,-111.0452,20140429,0,0,0,78,-22,-9999,-9999,-9999,-9999
GHCND:USC00241044,BOZEMAN MONTANA SU MT US,1497.5,45.6622,-111.0452,20140430,0,0,0,133,-17,-9999,-9999,-9999,-9999
GHCND:USC00241044,BOZEMAN MONTANA SU MT US,1497.5,45.6622,-111.0452,20140501,0,0,0,156,6,-9999,-9999,-9999,-9999
GHCND:USC00241044,BOZEMAN MONTANA SU MT US,1497.5,45.6622,-111.0452,20140502,0,0,0,206,33,-9999,-9999,-9999,-9999
GHCND:USC00241044,BOZEMAN MONTANA SU MT US,1497.5,45.6622,-111.0452,20140503,0,0,0,217,39,-9999,-9999,-9999,-9999
GHCND:USC00241044,BOZEMAN MONTANA SU MT US,1497.5,45.6622,-111.0452,20140504,0,0,0,150,22,-9999,-9999,-9999,-9999
GHCND:USC00241044,BOZEMAN MONTANA SU MT US,1497.5,45.6622,-111.0452,20140505,8,0,0,156,33,-9999,-9999,-9999,-9999
GHCND:USC00241044,BOZEMAN MONTANA SU MT US,1497.5,45.6622,-111.0452,20140506,71,0,0,128,17,-9999,-9999,-9999,-9999
GHCND:USC00241044,BOZEMAN MONTANA SU MT US,1497.5,45.6622,-111.0452,20140507,53,0,13,56,-22,-9999,-9999,-9999,-9999
GHCND:USC00241044,BOZEMAN MONTANA SU MT US,1497.5,45.6622,-111.0452,20140508,0,0,0,117,-28,-9999,-9999,-9999,-9999
GHCND:USC00241044,BOZEMAN MONTANA SU MT US,1497.5,45.6622,-111.0452,20140509,102,0,0,133,28,-9999,-9999,-9999,-9999
GHCND:USC00241044,BOZEMAN MONTANA SU MT US,1497.5,45.6622,-111.0452,20140510,43,0,0,78,-6,-9999,-9999,-9999,-9999
GHCND:USC00241044,BOZEMAN MONTANA SU MT US,1497.5,45.6622,-111.0452,20140511,43,0,0,67,0,-9999,-9999,-9999,-9999
GHCND:USC00241044,BOZEMAN MONTANA SU MT US,1497.5,45.6622,-111.0452,20140512,13,0,0,61,-11,-9999,-9999,-9999,-9999
GHCND:USC00241044,BOZEMAN MONTANA SU MT US,1497.5,45.6622,-111.0452,20140513,0,0,0,133,-17,-9999,-9999,-9999,-9999
GHCND:USC00241044,BOZEMAN MONTANA SU MT US,1497.5,45.6622,-111.0452,20140514,0,0,0,167,-11,-9999,-9999,-9999,-9999
GHCND:USC00241044,BOZEMAN MONTANA SU MT US,1497.5,45.6622,-111.0452,20140515,0,0,0,211,44,-9999,-9999,-9999,-9999
GHCND:USC00241044,BOZEMAN MONTANA SU MT US,1497.5,45.6622,-111.0452,20140516,0,0,0,211,83,-9999,-9999,-9999,-9999
GHCND:USC00241044,BOZEMAN MONTANA SU MT US,1497.5,45.6622,-111.0452,20140517,20,0,0,194,44,-9999,-9999,-9999,-9999
GHCND:USC00241044,BOZEMAN MONTANA SU MT US,1497.5,45.6622,-111.0452,20140518,61,0,0,194,56,-9999,-9999,-9999,-9999
GHCND:USC00241044,BOZEMAN MONTANA SU MT US,1497.5,45.6622,-111.0452,20140519,33,0,0,144,28,-9999,-9999,-9999,-9999
GHCND:USC00241044,BOZEMAN MONTANA SU MT US,1497.5,45.6622,-111.0452,20140520,0,0,0,161,28,-9999,-9999,-9999,-9999
GHCND:USC00241044,BOZEMAN MONTANA SU MT US,1497.5,45.6622,-111.0452,20140521,0,0,0,200,61,-9999,-9999,-9999,-9999
GHCND:USC00241044,BOZEMAN MONTANA SU MT US,1497.5,45.6622,-111.0452,20140522,0,0,0,222,50,-9999,-9999,-9999,-9999
GHCND:USC00241044,BOZEMAN MONTANA SU MT US,1497.5,45.6622,-111.0452,20140523,0,0,0,250,94,-9999,-9999,-9999,-9999
GHCND:USC00241044,BOZEMAN MONTANA SU MT US,1497.5,45.6622,-111.0452,20140524,0,-9999,-9999,261,89,-9999,-9999,-9999,-9999
GHCND:USC00241044,BOZEMAN MONTANA SU MT US,1497.5,45.6622,-111.0452,20140525,30,0,0,228,67,-9999,-9999,-9999,-9999
GHCND:USC00241044,BOZEMAN MONTANA SU MT US,1497.5,45.6622,-111.0452,20140526,0,0,0,244,89,-9999,-9999,-9999,-9999
GHCND:USC00241044,BOZEMAN MONTANA SU MT US,1497.5,45.6622,-111.0452,20140527,0,0,0,233,67,-9999,-9999,-9999,-9999
GHCND:USC00241044,BOZEMAN MONTANA SU MT US,1497.5,45.6622,-111.0452,20140528,0,0,0,250,117,-9999,-9999,-9999,-9999
GHCND:USC00241044,BOZEMAN MONTANA SU MT US,1497.5,45.6622,-111.0452,20140529,0,0,0,272,83,-9999,-9999,-9999,-9999
GHCND:USC00241044,BOZEMAN MONTANA SU MT US,1497.5,45.6622,-111.0452,20140530,0,0,0,206,39,-9999,-9999,-9999,-9999
GHCND:USC00241044,BOZEMAN MONTANA SU MT US,1497.5,45.6622,-111.0452,20140531,0,0,0,211,89,-9999,-9999,-9999,-9999
GHCND:USC00241044,BOZEMAN MONTANA SU MT US,1497.5,45.6622,-111.0452,20140601,61,0,0,206,67,-9999,-9999,-9999,-9999
GHCND:USC00241044,BOZEMAN MONTANA SU MT US,1497.5,45.6622,-111.0452,20140602,0,0,0,211,56,-9999,-9999,-9999,-9999
GHCND:USC00241044,BOZEMAN MONTANA SU MT US,1497.5,45.6622,-111.0452,20140603,5,0,0,217,106,-9999,-9999,-9999,-9999
GHCND:USC00241044,BOZEMAN MONTANA SU MT US,1497.5,45.6622,-111.0452,20140604,66,-9999,-9999,217,61,-9999,-9999,-9999,-9999
GHCND:USC00241044,BOZEMAN MONTANA SU MT US,1497.5,45.6622,-111.0452,20140605,0,0,0,211,50,-9999,-9999,-9999,-9999
GHCND:USC00241044,BOZEMAN MONTANA SU MT US,1497.5,45.6622,-111.0452,20140606,0,0,0,222,67,-9999,-9999,-9999,-9999
GHCND:USC00241044,BOZEMAN MONTANA SU MT US,1497.5,45.6622,-111.0452,20140607,0,0,0,183,44,-9999,-9999,-9999,-9999
GHCND:USC00241044,BOZEMAN MONTANA SU MT US,1497.5,45.6622,-111.0452,20140608,0,0,0,189,56,-9999,-9999,-9999,-9999
GHCND:USC00241044,BOZEMAN MONTANA SU MT US,1497.5,45.6622,-111.0452,20140609,0,0,0,244,61,-9999,-9999,-9999,-9999
GHCND:USC00241044,BOZEMAN MONTANA SU MT US,1497.5,45.6622,-111.0452,20140610,0,0,0,244,89,-9999,-9999,-9999,-9999
GHCND:USC00241044,BOZEMAN MONTANA SU MT US,1497.5,45.6622,-111.0452,20140611,28,0,0,217,50,-9999,-9999,-9999,-9999
GHCND:USC00241044,BOZEMAN MONTANA SU MT US,1497.5,45.6622,-111.0452,20140612,0,0,0,189,72,-9999,-9999,-9999,-9999
GHCND:USC00241044,BOZEMAN MONTANA SU MT US,1497.5,45.6622,-111.0452,20140613,25,0,0,200,100,-9999,-9999,-9999,-9999
GHCND:USC00241044,BOZEMAN MONTANA SU MT US,1497.5,45.6622,-111.0452,20140614,74,0,0,128,44,-9999,-9999,-9999,-9999
GHCND:USC00241044,BOZEMAN MONTANA SU MT US,1497.5,45.6622,-111.0452,20140615,5,0,0,178,56,-9999,-9999,-9999,-9999
GHCND:USC00241044,BOZEMAN MONTANA SU MT US,1497.5,45.6622,-111.0452,20140616,81,0,0,172,28,-9999,-9999,-9999,-9999
GHCND:USC00241044,BOZEMAN MONTANA SU MT US,1497.5,45.6622,-111.0452,20140617,160,0,0,117,61,1,-9999,-9999,-9999
GHCND:USC00241044,BOZEMAN MONTANA SU MT US,1497.5,45.6622,-111.0452,20140618,23,0,0,139,39,-9999,-9999,-9999,-9999
GHCND:USC00241044,BOZEMAN MONTANA SU MT US,1497.5,45.6622,-111.0452,20140619,58,0,0,194,72,-9999,-9999,-9999,-9999
GHCND:USC00241044,BOZEMAN MONTANA SU MT US,1497.5,45.6622,-111.0452,20140620,0,0,0,233,72,-9999,-9999,-9999,1
GHCND:USC00241044,BOZEMAN MONTANA SU MT US,1497.5,45.6622,-111.0452,20140621,10,-9999,-9999,233,67,-9999,-9999,-9999,-9999
GHCND:USC00241044,BOZEMAN MONTANA SU MT US,1497.5,45.6622,-111.0452,20140622,89,0,0,222,100,-9999,-9999,-9999,-9999
GHCND:USC00241044,BOZEMAN MONTANA SU MT US,1497.5,45.6622,-111.0452,20140623,0,0,0,211,56,-9999,-9999,-9999,-9999
GHCND:USC00241044,BOZEMAN MONTANA SU MT US,1497.5,45.6622,-111.0452,20140624,0,0,0,222,100,-9999,-9999,-9999,-9999
GHCND:USC00241044,BOZEMAN MONTANA SU MT US,1497.5,45.6622,-111.0452,20140625,74,0,0,222,83,-9999,-9999,-9999,-9999
GHCND:USC00241044,BOZEMAN MONTANA SU MT US,1497.5,45.6622,-111.0452,20140626,61,0,0,211,89,-9999,-9999,-9999,-9999
GHCND:USC00241044,BOZEMAN MONTANA SU MT US,1497.5,45.6622,-111.0452,20140627,18,0,0,194,106,-9999,-9999,-9999,-9999
GHCND:USC00241044,BOZEMAN MONTANA SU MT US,1497.5,45.6622,-111.0452,20140628,107,0,0,183,67,-9999,-9999,-9999,-9999
GHCND:USC00241044,BOZEMAN MONTANA SU MT US,1497.5,45.6622,-111.0452,20140629,8,0,0,217,56,-9999,-9999,-9999,-9999
GHCND:USC00241044,BOZEMAN MONTANA SU MT US,1497.5,45.6622,-111.0452,20140630,0,0,0,222,67,-9999,-9999,-9999,-9999
GHCND:USC00241044,BOZEMAN MONTANA SU MT US,1497.5,45.6622,-111.0452,20140701,0,0,0,228,78,-9999,-9999,-9999,-9999
GHCND:USC00241044,BOZEMAN MONTANA SU MT US,1497.5,45.6622,-111.0452,20140702,0,0,0,267,111,-9999,-9999,-9999,-9999
GHCND:USC00241044,BOZEMAN MONTANA SU MT US,1497.5,45.6622,-111.0452,20140703,3,0,0,278,122,-9999,-9999,-9999,-9999
GHCND:USC00241044,BOZEMAN MONTANA SU MT US,1497.5,45.6622,-111.0452,20140704,5,0,0,289,128,-9999,-9999,-9999,-9999
GHCND:USC00241044,BOZEMAN MONTANA SU MT US,1497.5,45.6622,-111.0452,20140705,18,0,0,311,128,-9999,-9999,-9999,1
GHCND:USC00241044,BOZEMAN MONTANA SU MT US,1497.5,45.6622,-111.0452,20140706,0,0,0,294,122,-9999,-9999,-9999,-9999
GHCND:USC00241044,BOZEMAN MONTANA SU MT US,1497.5,45.6622,-111.0452,20140707,0,0,0,300,128,-9999,-9999,-9999,-9999
GHCND:USC00241044,BOZEMAN MONTANA SU MT US,1497.5,45.6622,-111.0452,20140708,0,0,0,272,139,-9999,-9999,-9999,-9999
GHCND:USC00241044,BOZEMAN MONTANA SU MT US,1497.5,45.6622,-111.0452,20140709,0,0,0,294,128,-9999,-9999,-9999,-9999
GHCND:USC00241044,BOZEMAN MONTANA SU MT US,1497.5,45.6622,-111.0452,20140710,0,0,0,294,139,-9999,-9999,-9999,-9999
GHCND:USC00241044,BOZEMAN MONTANA SU MT US,1497.5,45.6622,-111.0452,20140711,0,0,0,294,128,-9999,-9999,-9999,-9999
GHCND:USC00241044,BOZEMAN MONTANA SU MT US,1497.5,45.6622,-111.0452,20140712,53,0,0,283,128,-9999,-9999,-9999,-9999
GHCND:USC00241044,BOZEMAN MONTANA SU MT US,1497.5,45.6622,-111.0452,20140713,0,0,0,311,128,-9999,-9999,-9999,-9999
GHCND:USC00241044,BOZEMAN MONTANA SU MT US,1497.5,45.6622,-111.0452,20140714,0,0,0,317,161,-9999,-9999,-9999,-9999
GHCND:USC00241044,BOZEMAN MONTANA SU MT US,1497.5,45.6622,-111.0452,20140715,0,0,0,239,139,-9999,-9999,-9999,1
GHCND:USC00241044,BOZEMAN MONTANA SU MT US,1497.5,45.6622,-111.0452,20140716,30,0,0,256,117,-9999,-9999,-9999,-9999
GHCND:USC00241044,BOZEMAN MONTANA SU MT US,1497.5,45.6622,-111.0452,20140717,0,0,0,300,122,-9999,-9999,-9999,-9999
GHCND:USC00241044,BOZEMAN MONTANA SU MT US,1497.5,45.6622,-111.0452,20140718,0,0,0,289,128,-9999,-9999,-9999,-9999
GHCND:USC00241044,BOZEMAN MONTANA SU MT US,1497.5,45.6622,-111.0452,20140719,0,0,0,294,100,-9999,-9999,-9999,-9999
GHCND:USC00241044,BOZEMAN MONTANA SU MT US,1497.5,45.6622,-111.0452,20140720,0,0,0,311,122,-9999,-9999,-9999,-9999
GHCND:USC00241044,BOZEMAN MONTANA SU MT US,1497.5,45.6622,-111.0452,20140721,10,0,0,317,156,-9999,-9999,-9999,-9999
GHCND:USC00241044,BOZEMAN MONTANA SU MT US,1497.5,45.6622,-111.0452,20140722,0,0,0,294,128,-9999,-9999,-9999,1
GHCND:USC00241044,BOZEMAN MONTANA SU MT US,1497.5,45.6622,-111.0452,20140723,0,0,0,300,139,-9999,-9999,-9999,-9999
GHCND:USC00241044,BOZEMAN MONTANA SU MT US,1497.5,45.6622,-111.0452,20140724,0,0,0,289,133,-9999,-9999,-9999,-9999
GHCND:USC00241044,BOZEMAN MONTANA SU MT US,1497.5,45.6622,-111.0452,20140725,0,0,0,256,50,-9999,-9999,-9999,-9999
GHCND:USC00241044,BOZEMAN MONTANA SU MT US,1497.5,45.6622,-111.0452,20140726,0,0,0,261,61,-9999,-9999,-9999,-9999
GHCND:USC00241044,BOZEMAN MONTANA SU MT US,1497.5,45.6622,-111.0452,20140727,0,0,0,311,133,-9999,-9999,-9999,-9999
GHCND:USC00241044,BOZEMAN MONTANA SU MT US,1497.5,45.6622,-111.0452,20140728,0,0,0,311,167,-9999,-9999,-9999,-9999
GHCND:USC00241044,BOZEMAN MONTANA SU MT US,1497.5,45.6622,-111.0452,20140729,36,0,0,311,133,-9999,-9999,-9999,1
GHCND:USC00241044,BOZEMAN MONTANA SU MT US,1497.5,45.6622,-111.0452,20140730,0,0,0,317,133,-9999,-9999,-9999,-9999
GHCND:USC00241044,BOZEMAN MONTANA SU MT US,1497.5,45.6622,-111.0452,20140731,0,0,0,306,111,-9999,-9999,-9999,-9999
GHCND:USC00241044,BOZEMAN MONTANA SU MT US,1497.5,45.6622,-111.0452,20140801,0,0,0,322,117,-9999,-9999,-9999,-9999
GHCND:USC00241044,BOZEMAN MONTANA SU MT US,1497.5,45.6622,-111.0452,20140802,0,0,0,294,122,-9999,-9999,-9999,-9999
GHCND:USC00241044,BOZEMAN MONTANA SU MT US,1497.5,45.6622,-111.0452,20140803,8,0,0,294,111,-9999,-9999,-9999,1
GHCND:USC00241044,BOZEMAN MONTANA SU MT US,1497.5,45.6622,-111.0452,20140804,0,0,0,278,144,-9999,-9999,-9999,-9999
GHCND:USC00241044,BOZEMAN MONTANA SU MT US,1497.5,45.6622,-111.0452,20140805,25,0,0,261,133,-9999,-9999,-9999,-9999
GHCND:USC00241044,BOZEMAN MONTANA SU MT US,1497.5,45.6622,-111.0452,20140806,0,0,0,294,122,-9999,-9999,-9999,-9999
GHCND:USC00241044,BOZEMAN MONTANA SU MT US,1497.5,45.6622,-111.0452,20140807,0,0,0,294,100,-9999,-9999,-9999,-9999
GHCND:USC00241044,BOZEMAN MONTANA SU MT US,1497.5,45.6622,-111.0452,20140808,0,0,0,283,117,-9999,-9999,-9999,-9999
GHCND:USC00241044,BOZEMAN MONTANA SU MT US,1497.5,45.6622,-111.0452,20140809,0,0,0,278,89,-9999,-9999,-9999,-9999
GHCND:USC00241044,BOZEMAN MONTANA SU MT US,1497.5,45.6622,-111.0452,20140810,0,0,0,294,133,-9999,-9999,-9999,-9999
GHCND:USC00241044,BOZEMAN MONTANA SU MT US,1497.5,45.6622,-111.0452,20140811,0,0,0,322,111,-9999,-9999,-9999,-9999
GHCND:USC00241044,BOZEMAN MONTANA SU MT US,1497.5,45.6622,-111.0452,20140812,0,0,0,339,150,-9999,-9999,-9999,-9999
GHCND:USC00241044,BOZEMAN MONTANA SU MT US,1497.5,45.6622,-111.0452,20140813,0,0,0,306,128,-9999,-9999,-9999,1
GHCND:USC00241044,BOZEMAN MONTANA SU MT US,1497.5,45.6622,-111.0452,20140814,20,0,0,289,122,-9999,-9999,-9999,-9999
GHCND:USC00241044,BOZEMAN MONTANA SU MT US,1497.5,45.6622,-111.0452,20140815,8,0,0,278,106,-9999,-9999,-9999,1
GHCND:USC00241044,BOZEMAN MONTANA SU MT US,1497.5,45.6622,-111.0452,20140816,0,0,0,250,100,-9999,-9999,-9999,-9999
GHCND:USC00241044,BOZEMAN MONTANA SU MT US,1497.5,45.6622,-111.0452,20140817,0,0,0,267,106,-9999,-9999,-9999,-9999
GHCND:USC00241044,BOZEMAN MONTANA SU MT US,1497.5,45.6622,-111.0452,20140818,0,0,0,283,100,-9999,-9999,-9999,-9999
GHCND:USC00241044,BOZEMAN MONTANA SU MT US,1497.5,45.6622,-111.0452,20140819,0,0,0,283,111,-9999,-9999,-9999,-9999
GHCND:USC00241044,BOZEMAN MONTANA SU MT US,1497.5,45.6622,-111.0452,20140820,15,0,0,256,94,-9999,-9999,-9999,-9999
GHCND:USC00241044,BOZEMAN MONTANA SU MT US,1497.5,45.6622,-111.0452,20140821,41,0,0,200,117,-9999,-9999,-9999,-9999
GHCND:USC00241044,BOZEMAN MONTANA SU MT US,1497.5,45.6622,-111.0452,20140822,91,0,0,183,89,-9999,-9999,-9999,-9999
GHCND:USC00241044,BOZEMAN MONTANA SU MT US,1497.5,45.6622,-111.0452,20140823,274,0,0,133,72,-9999,-9999,-9999,-9999
GHCND:USC00241044,BOZEMAN MONTANA SU MT US,1497.5,45.6622,-111.0452,20140824,147,0,0,117,44,-9999,-9999,-9999,-9999
GHCND:USC00241044,BOZEMAN MONTANA SU MT US,1497.5,45.6622,-111.0452,20140825,0,0,0,194,33,-9999,-9999,-9999,-9999
GHCND:USC00241044,BOZEMAN MONTANA SU MT US,1497.5,45.6622,-111.0452,20140826,0,0,0,239,61,-9999,-9999,-9999,-9999
GHCND:USC00241044,BOZEMAN MONTANA SU MT US,1497.5,45.6622,-111.0452,20140827,0,0,0,261,78,-9999,-9999,-9999,-9999
GHCND:USC00241044,BOZEMAN MONTANA SU MT US,1497.5,45.6622,-111.0452,20140828,0,0,0,283,89,-9999,-9999,-9999,-9999
GHCND:USC00241044,BOZEMAN MONTANA SU MT US,1497.5,45.6622,-111.0452,20140829,0,0,0,272,89,-9999,-9999,-9999,1
GHCND:USC00241044,BOZEMAN MONTANA SU MT US,1497.5,45.6622,-111.0452,20140830,66,0,0,256,111,-9999,-9999,-9999,1
GHCND:USC00241044,BOZEMAN MONTANA SU MT US,1497.5,45.6622,-111.0452,20140831,25,0,0,194,78,-9999,-9999,-9999,-9999
GHCND:USC00241044,BOZEMAN MONTANA SU MT US,1497.5,45.6622,-111.0452,20140901,30,0,0,194,83,-9999,1,-9999,-9999
GHCND:USC00241044,BOZEMAN MONTANA SU MT US,1497.5,45.6622,-111.0452,20140902,0,0,0,256,50,-9999,-9999,-9999,-9999
GHCND:USC00241044,BOZEMAN MONTANA SU MT US,1497.5,45.6622,-111.0452,20140903,0,0,0,244,78,-9999,-9999,-9999,-9999
GHCND:USC00241044,BOZEMAN MONTANA SU MT US,1497.5,45.6622,-111.0452,20140904,0,0,0,167,22,-9999,-9999,-9999,-9999
GHCND:USC00241044,BOZEMAN MONTANA SU MT US,1497.5,45.6622,-111.0452,20140905,0,0,0,206,28,-9999,-9999,-9999,-9999
GHCND:USC00241044,BOZEMAN MONTANA SU MT US,1497.5,45.6622,-111.0452,20140906,0,0,0,233,22,-9999,-9999,-9999,-9999
GHCND:USC00241044,BOZEMAN MONTANA SU MT US,1497.5,45.6622,-111.0452,20140907,0,0,0,267,39,-9999,-9999,-9999,-9999
GHCND:USC00241044,BOZEMAN MONTANA SU MT US,1497.5,45.6622,-111.0452,20140908,0,0,0,283,61,-9999,-9999,-9999,-9999
GHCND:USC00241044,BOZEMAN MONTANA SU MT US,1497.5,45.6622,-111.0452,20140909,0,0,0,272,39,-9999,-9999,-9999,-9999
GHCND:USC00241044,BOZEMAN MONTANA SU MT US,1497.5,45.6622,-111.0452,20140910,0,0,0,150,44,-9999,-9999,-9999,-9999
GHCND:USC00241044,BOZEMAN MONTANA SU MT US,1497.5,45.6622,-111.0452,20140911,74,0,0,100,-6,-9999,-9999,1,-9999
GHCND:USC00241044,BOZEMAN MONTANA SU MT US,1497.5,45.6622,-111.0452,20140912,0,0,0,178,-39,-9999,-9999,-9999,-9999
GHCND:USC00241044,BOZEMAN MONTANA SU MT US,1497.5,45.6622,-111.0452,20140913,0,0,0,161,-17,-9999,-9999,-9999,-9999
GHCND:USC00241044,BOZEMAN MONTANA SU MT US,1497.5,45.6622,-111.0452,20140914,0,0,0,211,17,-9999,-9999,-9999,-9999
GHCND:USC00241044,BOZEMAN MONTANA SU MT US,1497.5,45.6622,-111.0452,20140915,0,0,0,239,39,-9999,-9999,-9999,-9999
GHCND:USC00241044,BOZEMAN MONTANA SU MT US,1497.5,45.6622,-111.0452,20140916,0,0,0,256,56,-9999,-9999,-9999,-9999
GHCND:USC00241044,BOZEMAN MONTANA SU MT US,1497.5,45.6622,-111.0452,20140917,0,0,0,278,78,-9999,-9999,-9999,1
GHCND:USC00241044,BOZEMAN MONTANA SU MT US,1497.5,45.6622,-111.0452,20140918,41,0,0,256,72,-9999,-9999,-9999,1
GHCND:USC00241044,BOZEMAN MONTANA SU MT US,1497.5,45.6622,-111.0452,20140919,0,0,0,228,72,-9999,-9999,-9999,-9999
GHCND:USC00241044,BOZEMAN MONTANA SU MT US,1497.5,45.6622,-111.0452,20140920,0,0,0,233,56,-9999,-9999,-9999,-9999
GHCND:USC00241044,BOZEMAN MONTANA SU MT US,1497.5,45.6622,-111.0452,20140921,0,0,0,244,94,-9999,-9999,-9999,-9999
GHCND:USC00241044,BOZEMAN MONTANA SU MT US,1497.5,45.6622,-111.0452,20140922,5,0,0,233,117,-9999,-9999,-9999,-9999
GHCND:USC00241044,BOZEMAN MONTANA SU MT US,1497.5,45.6622,-111.0452,20140923,0,0,0,261,67,-9999,-9999,-9999,-9999
GHCND:USC00241044,BOZEMAN MONTANA SU MT US,1497.5,45.6622,-111.0452,20140924,0,0,0,317,122,-9999,-9999,-9999,-9999
GHCND:USC00241044,BOZEMAN MONTANA SU MT US,1497.5,45.6622,-111.0452,20140925,0,0,0,328,111,-9999,-9999,-9999,-9999
GHCND:USC00241044,BOZEMAN MONTANA SU MT US,1497.5,45.6622,-111.0452,20140926,0,0,0,317,139,-9999,-9999,-9999,-9999
GHCND:USC00241044,BOZEMAN MONTANA SU MT US,1497.5,45.6622,-111.0452,20140927,155,0,0,233,89,-9999,-9999,-9999,-9999
GHCND:USC00241044,BOZEMAN MONTANA SU MT US,1497.5,45.6622,-111.0452,20140928,15,0,0,106,56,-9999,-9999,-9999,-9999
GHCND:USC00241044,BOZEMAN MONTANA SU MT US,1497.5,45.6622,-111.0452,20140929,0,0,0,156,56,-9999,-9999,-9999,-9999
GHCND:USC00241044,BOZEMAN MONTANA SU MT US,1497.5,45.6622,-111.0452,20140930,89,0,0,139,67,-9999,-9999,-9999,-9999
GHCND:USC00241044,BOZEMAN MONTANA SU MT US,1497.5,45.6622,-111.0452,20141001,36,0,0,128,28,-9999,-9999,-9999,-9999
GHCND:USC00241044,BOZEMAN MONTANA SU MT US,1497.5,45.6622,-111.0452,20141002,0,0,0,133,0,-9999,-9999,-9999,-9999
GHCND:USC00241044,BOZEMAN MONTANA SU MT US,1497.5,45.6622,-111.0452,20141003,0,0,0,150,-56,-9999,-9999,-9999,-9999
GHCND:USC00241044,BOZEMAN MONTANA SU MT US,1497.5,45.6622,-111.0452,20141004,0,0,0,200,17,-9999,-9999,-9999,-9999
GHCND:USC00241044,BOZEMAN MONTANA SU MT US,1497.5,45.6622,-111.0452,20141005,0,0,0,206,72,-9999,-9999,-9999,-9999
GHCND:USC00241044,BOZEMAN MONTANA SU MT US,1497.5,45.6622,-111.0452,20141006,0,0,0,228,50,-9999,-9999,-9999,-9999
GHCND:USC00241044,BOZEMAN MONTANA SU MT US,1497.5,45.6622,-111.0452,20141007,0,0,0,233,67,-9999,-9999,-9999,-9999
GHCND:USC00241044,BOZEMAN MONTANA SU MT US,1497.5,45.6622,-111.0452,20141008,0,0,0,228,50,-9999,-9999,-9999,-9999
GHCND:USC00241044,BOZEMAN MONTANA SU MT US,1497.5,45.6622,-111.0452,20141009,0,0,0,200,100,-9999,-9999,-9999,-9999
GHCND:USC00241044,BOZEMAN MONTANA SU MT US,1497.5,45.6622,-111.0452,20141010,3,0,0,189,44,-9999,-9999,-9999,-9999
GHCND:USC00241044,BOZEMAN MONTANA SU MT US,1497.5,45.6622,-111.0452,20141011,0,0,0,189,33,-9999,-9999,-9999,-9999
GHCND:USC00241044,BOZEMAN MONTANA SU MT US,1497.5,45.6622,-111.0452,20141012,117,0,0,178,33,-9999,-9999,-9999,-9999
GHCND:USC00241044,BOZEMAN MONTANA SU MT US,1497.5,45.6622,-111.0452,20141013,0,0,0,161,-17,-9999,-9999,-9999,-9999
GHCND:USC00241044,BOZEMAN MONTANA SU MT US,1497.5,45.6622,-111.0452,20141014,0,0,0,233,39,-9999,-9999,-9999,-9999
GHCND:USC00241044,BOZEMAN MONTANA SU MT US,1497.5,45.6622,-111.0452,20141015,0,0,0,228,72,-9999,-9999,-9999,-9999
GHCND:USC00241044,BOZEMAN MONTANA SU MT US,1497.5,45.6622,-111.0452,20141016,5,0,0,211,0,-9999,-9999,-9999,-9999
GHCND:USC00241044,BOZEMAN MONTANA SU MT US,1497.5,45.6622,-111.0452,20141017,0,0,0,167,-17,-9999,-9999,-9999,-9999
GHCND:USC00241044,BOZEMAN MONTANA SU MT US,1497.5,45.6622,-111.0452,20141018,0,0,0,200,33,-9999,-9999,-9999,-9999
GHCND:USC00241044,BOZEMAN MONTANA SU MT US,1497.5,45.6622,-111.0452,20141019,0,0,0,222,6,-9999,-9999,-9999,-9999
GHCND:USC00241044,BOZEMAN MONTANA SU MT US,1497.5,45.6622,-111.0452,20141020,0,0,0,250,22,-9999,-9999,-9999,-9999
GHCND:USC00241044,BOZEMAN MONTANA SU MT US,1497.5,45.6622,-111.0452,20141021,0,0,0,228,94,-9999,-9999,-9999,-9999
GHCND:USC00241044,BOZEMAN MONTANA SU MT US,1497.5,45.6622,-111.0452,20141022,38,0,0,194,-17,-9999,-9999,-9999,-9999
GHCND:USC00241044,BOZEMAN MONTANA SU MT US,1497.5,45.6622,-111.0452,20141023,0,0,0,189,33,-9999,-9999,-9999,-9999
GHCND:USC00241044,BOZEMAN MONTANA SU MT US,1497.5,45.6622,-111.0452,20141024,3,0,0,156,78,-9999,-9999,-9999,-9999
GHCND:USC00241044,BOZEMAN MONTANA SU MT US,1497.5,45.6622,-111.0452,20141025,0,0,0,228,-17,-9999,-9999,-9999,-9999
GHCND:USC00241044,BOZEMAN MONTANA SU MT US,1497.5,45.6622,-111.0452,20141026,8,0,0,239,33,-9999,-9999,-9999,-9999
GHCND:USC00241044,BOZEMAN MONTANA SU MT US,1497.5,45.6622,-111.0452,20141027,0,0,0,89,6,-9999,-9999,-9999,-9999
GHCND:USC00241044,BOZEMAN MONTANA SU MT US,1497.5,45.6622,-111.0452,20141028,0,0,0,128,-56,-9999,-9999,-9999,-9999
GHCND:USC00241044,BOZEMAN MONTANA SU MT US,1497.5,45.6622,-111.0452,20141029,10,0,0,139,11,-9999,-9999,-9999,-9999
GHCND:USC00241044,BOZEMAN MONTANA SU MT US,1497.5,45.6622,-111.0452,20141030,0,0,0,156,0,-9999,-9999,-9999,-9999
GHCND:USC00241044,BOZEMAN MONTANA SU MT US,1497.5,45.6622,-111.0452,20141031,0,0,0,211,44,-9999,-9999,-9999,-9999
GHCND:USC00241044,BOZEMAN MONTANA SU MT US,1497.5,45.6622,-111.0452,20141101,0,0,0,200,78,-9999,-9999,-9999,-9999
GHCND:USC00241044,BOZEMAN MONTANA SU MT US,1497.5,45.6622,-111.0452,20141102,18,0,0,178,39,-9999,-9999,-9999,-9999
GHCND:USC00241044,BOZEMAN MONTANA SU MT US,1497.5,45.6622,-111.0452,20141103,0,0,0,83,-61,-9999,-9999,-9999,-9999
GHCND:USC00241044,BOZEMAN MONTANA SU MT US,1497.5,45.6622,-111.0452,20141104,0,0,0,111,-39,-9999,-9999,-9999,-9999
GHCND:USC00241044,BOZEMAN MONTANA SU MT US,1497.5,45.6622,-111.0452,20141105,0,0,0,128,61,-9999,-9999,-9999,-9999
GHCND:USC00241044,BOZEMAN MONTANA SU MT US,1497.5,45.6622,-111.0452,20141106,0,0,0,156,6,-9999,-9999,-9999,-9999
GHCND:USC00241044,BOZEMAN MONTANA SU MT US,1497.5,45.6622,-111.0452,20141107,0,0,0,150,67,-9999,-9999,-9999,-9999
GHCND:USC00241044,BOZEMAN MONTANA SU MT US,1497.5,45.6622,-111.0452,20141108,0,0,0,128,-33,-9999,-9999,-9999,-9999
GHCND:USC00241044,BOZEMAN MONTANA SU MT US,1497.5,45.6622,-111.0452,20141109,3,0,0,172,0,-9999,-9999,-9999,-9999
GHCND:USC00241044,BOZEMAN MONTANA SU MT US,1497.5,45.6622,-111.0452,20141110,51,51,51,122,-128,-9999,-9999,-9999,-9999
GHCND:USC00241044,BOZEMAN MONTANA SU MT US,1497.5,45.6622,-111.0452,20141111,0,51,0,-100,-194,-9999,-9999,-9999,-9999
GHCND:USC00241044,BOZEMAN MONTANA SU MT US,1497.5,45.6622,-111.0452,20141112,0,51,0,-128,-244,-9999,-9999,-9999,-9999
GHCND:USC00241044,BOZEMAN MONTANA SU MT US,1497.5,45.6622,-111.0452,20141113,0,51,0,-111,-228,-9999,-9999,-9999,-9999
GHCND:USC00241044,BOZEMAN MONTANA SU MT US,1497.5,45.6622,-111.0452,20141114,20,102,61,-111,-217,-9999,-9999,-9999,-9999
GHCND:USC00241044,BOZEMAN MONTANA SU MT US,1497.5,45.6622,-111.0452,20141115,28,127,84,-111,-200,-9999,-9999,-9999,-9999
GHCND:USC00241044,BOZEMAN MONTANA SU MT US,1497.5,45.6622,-111.0452,20141116,0,127,0,-50,-217,-9999,-9999,-9999,-9999
GHCND:USC00241044,BOZEMAN MONTANA SU MT US,1497.5,45.6622,-111.0452,20141117,0,102,0,-28,-189,-9999,-9999,-9999,-9999
GHCND:USC00241044,BOZEMAN MONTANA SU MT US,1497.5,45.6622,-111.0452,20141118,0,102,0,-6,-161,-9999,-9999,-9999,-9999
GHCND:USC00241044,BOZEMAN MONTANA SU MT US,1497.5,45.6622,-111.0452,20141119,0,76,0,39,-117,-9999,-9999,-9999,-9999
GHCND:USC00241044,BOZEMAN MONTANA SU MT US,1497.5,45.6622,-111.0452,20141120,0,51,0,94,-111,-9999,-9999,-9999,-9999
GHCND:USC00241044,BOZEMAN MONTANA SU MT US,1497.5,45.6622,-111.0452,20141121,0,51,0,83,-67,-9999,-9999,-9999,-9999
GHCND:USC00241044,BOZEMAN MONTANA SU MT US,1497.5,45.6622,-111.0452,20141122,10,51,10,72,0,-9999,-9999,-9999,-9999
GHCND:USC00241044,BOZEMAN MONTANA SU MT US,1497.5,45.6622,-111.0452,20141123,5,25,5,33,-39,-9999,-9999,-9999,-9999
GHCND:USC00241044,BOZEMAN MONTANA SU MT US,1497.5,45.6622,-111.0452,20141124,0,25,0,22,-22,-9999,-9999,-9999,-9999
GHCND:USC00241044,BOZEMAN MONTANA SU MT US,1497.5,45.6622,-111.0452,20141125,41,76,41,28,-6,-9999,-9999,-9999,-9999
GHCND:USC00241044,BOZEMAN MONTANA SU MT US,1497.5,45.6622,-111.0452,20141126,178,229,152,28,-33,-9999,-9999,-9999,-9999
GHCND:USC00241044,BOZEMAN MONTANA SU MT US,1497.5,45.6622,-111.0452,20141127,3,102,0,117,-6,-9999,-9999,-9999,-9999
GHCND:USC00241044,BOZEMAN MONTANA SU MT US,1497.5,45.6622,-111.0452,20141128,0,25,0,106,39,-9999,-9999,-9999,-9999
GHCND:USC00241044,BOZEMAN MONTANA SU MT US,1497.5,45.6622,-111.0452,20141129,28,51,56,106,-167,-9999,-9999,-9999,-9999
GHCND:USC00241044,BOZEMAN MONTANA SU MT US,1497.5,45.6622,-111.0452,20141130,30,102,61,-100,-256,-9999,-9999,-9999,-9999
GHCND:USC00241044,BOZEMAN MONTANA SU MT US,1497.5,45.6622,-111.0452,20141201,0,102,0,-39,-233,-9999,-9999,-9999,-9999
GHCND:USC00241044,BOZEMAN MONTANA SU MT US,1497.5,45.6622,-111.0452,20141202,3,102,3,17,-150,-9999,-9999,-9999,-9999
GHCND:USC00241044,BOZEMAN MONTANA SU MT US,1497.5,45.6622,-111.0452,20141203,0,76,0,22,-117,-9999,-9999,-9999,-9999
GHCND:USC00241044,BOZEMAN MONTANA SU MT US,1497.5,45.6622,-111.0452,20141204,0,51,0,67,-11,-9999,-9999,-9999,-9999
GHCND:USC00241044,BOZEMAN MONTANA SU MT US,1497.5,45.6622,-111.0452,20141205,3,25,0,128,6,-9999,-9999,-9999,-9999
GHCND:USC00241044,BOZEMAN MONTANA SU MT US,1497.5,45.6622,-111.0452,20141206,0,25,0,83,-22,-9999,-9999,-9999,-9999
GHCND:USC00241044,BOZEMAN MONTANA SU MT US,1497.5,45.6622,-111.0452,20141207,8,25,0,89,-44,-9999,-9999,-9999,-9999
GHCND:USC00241044,BOZEMAN MONTANA SU MT US,1497.5,45.6622,-111.0452,20141208,0,0,0,72,-39,-9999,-9999,-9999,-9999
GHCND:USC00241044,BOZEMAN MONTANA SU MT US,1497.5,45.6622,-111.0452,20141209,0,0,0,111,-33,-9999,-9999,-9999,-9999
GHCND:USC00241044,BOZEMAN MONTANA SU MT US,1497.5,45.6622,-111.0452,20141210,0,0,0,111,-6,-9999,-9999,-9999,-9999
GHCND:USC00241044,BOZEMAN MONTANA SU MT US,1497.5,45.6622,-111.0452,20141211,0,0,0,156,6,-9999,-9999,-9999,-9999
GHCND:USC00241044,BOZEMAN MONTANA SU MT US,1497.5,45.6622,-111.0452,20141212,0,0,0,167,44,-9999,-9999,-9999,-9999
GHCND:USC00241044,BOZEMAN MONTANA SU MT US,1497.5,45.6622,-111.0452,20141213,10,0,0,156,-6,-9999,-9999,-9999,-9999
GHCND:USC00241044,BOZEMAN MONTANA SU MT US,1497.5,45.6622,-111.0452,20141214,36,152,152,0,-50,-9999,-9999,-9999,-9999
GHCND:USC00241044,BOZEMAN MONTANA SU MT US,1497.5,45.6622,-111.0452,20141215,46,152,66,-17,-94,-9999,-9999,-9999,-9999
GHCND:USC00241044,BOZEMAN MONTANA SU MT US,1497.5,45.6622,-111.0452,20141216,0,152,0,-28,-128,-9999,-9999,-9999,-9999
GHCND:USC00241044,BOZEMAN MONTANA SU MT US,1497.5,45.6622,-111.0452,20141217,15,152,30,44,-61,-9999,-9999,-9999,-9999
GHCND:USC00241044,BOZEMAN MONTANA SU MT US,1497.5,45.6622,-111.0452,20141218,0,127,0,39,-106,-9999,-9999,-9999,-9999
GHCND:USC00241044,BOZEMAN MONTANA SU MT US,1497.5,45.6622,-111.0452,20141219,0,127,0,61,-56,-9999,-9999,-9999,-9999
GHCND:USC00241044,BOZEMAN MONTANA SU MT US,1497.5,45.6622,-111.0452,20141220,0,102,0,44,-50,-9999,-9999,-9999,-9999
GHCND:USC00241044,BOZEMAN MONTANA SU MT US,1497.5,45.6622,-111.0452,20141221,18,76,18,61,-33,-9999,-9999,-9999,-9999
GHCND:USC00241044,BOZEMAN MONTANA SU MT US,1497.5,45.6622,-111.0452,20141222,5,76,0,33,-22,-9999,-9999,-9999,-9999
GHCND:USC00241044,BOZEMAN MONTANA SU MT US,1497.5,45.6622,-111.0452,20141223,8,76,0,22,-28,-9999,-9999,-9999,-9999
GHCND:USC00241044,BOZEMAN MONTANA SU MT US,1497.5,45.6622,-111.0452,20141224,0,76,0,44,-39,-9999,-9999,-9999,-9999
GHCND:USC00241044,BOZEMAN MONTANA SU MT US,1497.5,45.6622,-111.0452,20141225,84,178,84,39,-56,-9999,-9999,-9999,-9999
GHCND:USC00241044,BOZEMAN MONTANA SU MT US,1497.5,45.6622,-111.0452,20141226,3,178,0,-56,-133,-9999,-9999,-9999,-9999
GHCND:USC00241044,BOZEMAN MONTANA SU MT US,1497.5,45.6622,-111.0452,20141227,0,178,0,-33,-172,-9999,-9999,-9999,-9999
GHCND:USC00241044,BOZEMAN MONTANA SU MT US,1497.5,45.6622,-111.0452,20141228,13,203,25,-22,-83,-9999,-9999,-9999,-9999
GHCND:USC00241044,BOZEMAN MONTANA SU MT US,1497.5,45.6622,-111.0452,20141229,18,229,53,-83,-161,-9999,-9999,-9999,-9999
GHCND:USC00241044,BOZEMAN MONTANA SU MT US,1497.5,45.6622,-111.0452,20141230,0,203,0,-161,-278,-9999,-9999,-9999,-9999
GHCND:USC00241044,BOZEMAN MONTANA SU MT US,1497.5,45.6622,-111.0452,20141231,0,203,0,-94,-267,-9999,-9999,-9999,-9999
GHCND:USC00241044,BOZEMAN MONTANA SU MT US,1497.5,45.6622,-111.0452,20150101,0,203,0,-94,-206,-9999,-9999,-9999,-9999
GHCND:USC00241044,BOZEMAN MONTANA SU MT US,1497.5,45.6622,-111.0452,20150102,0,178,0,-39,-172,-9999,-9999,-9999,-9999
GHCND:USC00241044,BOZEMAN MONTANA SU MT US,1497.5,45.6622,-111.0452,20150103,51,305,152,-28,-150,-9999,-9999,-9999,-9999
GHCND:USC00241044,BOZEMAN MONTANA SU MT US,1497.5,45.6622,-111.0452,20150104,10,279,30,-128,-172,-9999,-9999,-9999,-9999
GHCND:USC00241044,BOZEMAN MONTANA SU MT US,1497.5,45.6622,-111.0452,20150105,8,229,0,44,-156,-9999,-9999,-9999,-9999
GHCND:USC00241044,BOZEMAN MONTANA SU MT US,1497.5,45.6622,-111.0452,20150106,0,152,0,83,-11,-9999,-9999,-9999,-9999
GHCND:USC00241044,BOZEMAN MONTANA SU MT US,1497.5,45.6622,-111.0452,20150107,0,152,0,-11,-133,-9999,-9999,-9999,-9999
GHCND:USC00241044,BOZEMAN MONTANA SU MT US,1497.5,45.6622,-111.0452,20150108,0,152,0,-28,-94,-9999,-9999,-9999,-9999
GHCND:USC00241044,BOZEMAN MONTANA SU MT US,1497.5,45.6622,-111.0452,20150109,3,152,0,-78,-139,-9999,-9999,-9999,-9999
GHCND:USC00241044,BOZEMAN MONTANA SU MT US,1497.5,45.6622,-111.0452,20150110,3,152,0,11,-111,-9999,-9999,-9999,-9999
GHCND:USC00241044,BOZEMAN MONTANA SU MT US,1497.5,45.6622,-111.0452,20150111,38,178,38,11,-28,-9999,-9999,-9999,-9999
GHCND:USC00241044,BOZEMAN MONTANA SU MT US,1497.5,45.6622,-111.0452,20150112,3,178,8,0,-61,-9999,-9999,-9999,-9999
GHCND:USC00241044,BOZEMAN MONTANA SU MT US,1497.5,45.6622,-111.0452,20150113,3,152,8,11,-56,-9999,-9999,-9999,-9999
GHCND:USC00241044,BOZEMAN MONTANA SU MT US,1497.5,45.6622,-111.0452,20150114,0,178,0,6,-122,-9999,-9999,-9999,-9999
GHCND:USC00241044,BOZEMAN MONTANA SU MT US,1497.5,45.6622,-111.0452,20150115,0,178,0,33,-106,-9999,-9999,-9999,-9999
GHCND:USC00241044,BOZEMAN MONTANA SU MT US,1497.5,45.6622,-111.0452,20150116,0,152,0,61,-39,-9999,-9999,-9999,-9999
GHCND:USC00241044,BOZEMAN MONTANA SU MT US,1497.5,45.6622,-111.0452,20150117,0,152,0,83,-33,-9999,-9999,-9999,-9999
GHCND:USC00241044,BOZEMAN MONTANA SU MT US,1497.5,45.6622,-111.0452,20150118,3,102,0,94,-17,-9999,-9999,-9999,-9999
GHCND:USC00241044,BOZEMAN MONTANA SU MT US,1497.5,45.6622,-111.0452,20150119,3,102,3,39,-11,-9999,-9999,-9999,-9999
GHCND:USC00241044,BOZEMAN MONTANA SU MT US,1497.5,45.6622,-111.0452,20150120,5,102,5,28,-33,-9999,-9999,-9999,-9999
GHCND:USC00241044,BOZEMAN MONTANA SU MT US,1497.5,45.6622,-111.0452,20150121,5,102,5,17,-89,-9999,-9999,-9999,-9999
GHCND:USC00241044,BOZEMAN MONTANA SU MT US,1497.5,45.6622,-111.0452,20150122,0,102,0,56,-106,-9999,-9999,-9999,-9999
GHCND:USC00241044,BOZEMAN MONTANA SU MT US,1497.5,45.6622,-111.0452,20150123,0,102,0,83,-6,-9999,-9999,-9999,-9999
GHCND:USC00241044,BOZEMAN MONTANA SU MT US,1497.5,45.6622,-111.0452,20150124,3,102,0,78,-28,-9999,-9999,-9999,-9999
GHCND:USC00241044,BOZEMAN MONTANA SU MT US,1497.5,45.6622,-111.0452,20150125,0,76,0,122,17,-9999,-9999,-9999,-9999
GHCND:USC00241044,BOZEMAN MONTANA SU MT US,1497.5,45.6622,-111.0452,20150126,0,76,0,133,-11,-9999,-9999,-9999,-9999
GHCND:USC00241044,BOZEMAN MONTANA SU MT US,1497.5,45.6622,-111.0452,20150127,0,51,0,128,-28,-9999,-9999,-9999,-9999
GHCND:USC00241044,BOZEMAN MONTANA SU MT US,1497.5,45.6622,-111.0452,20150128,0,25,0,94,22,-9999,-9999,-9999,-9999
GHCND:USC00241044,BOZEMAN MONTANA SU MT US,1497.5,45.6622,-111.0452,20150129,0,25,0,67,-67,-9999,-9999,-9999,-9999
GHCND:USC00241044,BOZEMAN MONTANA SU MT US,1497.5,45.6622,-111.0452,20150130,0,25,0,72,-67,-9999,-9999,-9999,-9999
GHCND:USC00241044,BOZEMAN MONTANA SU MT US,1497.5,45.6622,-111.0452,20150131,0,25,0,56,-72,-9999,-9999,-9999,-9999
GHCND:USC00241044,BOZEMAN MONTANA SU MT US,1497.5,45.6622,-111.0452,20150201,0,25,0,-6,-122,-9999,-9999,-9999,-9999
GHCND:USC00241044,BOZEMAN MONTANA SU MT US,1497.5,45.6622,-111.0452,20150202,0,25,0,67,-39,-9999,-9999,-9999,-9999
GHCND:USC00241044,BOZEMAN MONTANA SU MT US,1497.5,45.6622,-111.0452,20150203,0,25,0,61,22,-9999,-9999,-9999,-9999
GHCND:USC00241044,BOZEMAN MONTANA SU MT US,1497.5,45.6622,-111.0452,20150204,38,51,25,33,-78,-9999,-9999,-9999,-9999
GHCND:USC00241044,BOZEMAN MONTANA SU MT US,1497.5,45.6622,-111.0452,20150205,0,25,0,128,-11,-9999,-9999,-9999,-9999
GHCND:USC00241044,BOZEMAN MONTANA SU MT US,1497.5,45.6622,-111.0452,20150206,0,0,0,156,50,-9999,-9999,-9999,-9999
GHCND:USC00241044,BOZEMAN MONTANA SU MT US,1497.5,45.6622,-111.0452,20150207,0,0,0,144,72,-9999,-9999,-9999,-9999
GHCND:USC00241044,BOZEMAN MONTANA SU MT US,1497.5,45.6622,-111.0452,20150208,0,0,0,128,50,-9999,-9999,-9999,-9999
GHCND:USC00241044,BOZEMAN MONTANA SU MT US,1497.5,45.6622,-111.0452,20150209,3,0,0,128,28,-9999,-9999,-9999,-9999
GHCND:USC00241044,BOZEMAN MONTANA SU MT US,1497.5,45.6622,-111.0452,20150210,3,0,0,122,33,-9999,-9999,-9999,-9999
GHCND:USC00241044,BOZEMAN MONTANA SU MT US,1497.5,45.6622,-111.0452,20150211,8,0,0,117,-33,-9999,-9999,-9999,-9999
GHCND:USC00241044,BOZEMAN MONTANA SU MT US,1497.5,45.6622,-111.0452,20150212,0,0,0,139,0,-9999,-9999,-9999,-9999
GHCND:USC00241044,BOZEMAN MONTANA SU MT US,1497.5,45.6622,-111.0452,20150213,0,0,0,144,6,-9999,-9999,-9999,-9999
GHCND:USC00241044,BOZEMAN MONTANA SU MT US,1497.5,45.6622,-111.0452,20150214,0,0,0,144,6,-9999,-9999,-9999,-9999
GHCND:USC00241044,BOZEMAN MONTANA SU MT US,1497.5,45.6622,-111.0452,20150215,5,0,5,144,-17,-9999,-9999,-9999,-9999
GHCND:USC00241044,BOZEMAN MONTANA SU MT US,1497.5,45.6622,-111.0452,20150216,10,0,0,33,-50,-9999,-9999,-9999,-9999
GHCND:USC00241044,BOZEMAN MONTANA SU MT US,1497.5,45.6622,-111.0452,20150217,0,0,0,39,-78,-9999,-9999,-9999,-9999
GHCND:USC00241044,BOZEMAN MONTANA SU MT US,1497.5,45.6622,-111.0452,20150218,0,0,0,139,-22,-9999,-9999,-9999,-9999
GHCND:USC00241044,BOZEMAN MONTANA SU MT US,1497.5,45.6622,-111.0452,20150219,0,0,0,128,-22,-9999,-9999,-9999,-9999
GHCND:USC00241044,BOZEMAN MONTANA SU MT US,1497.5,45.6622,-111.0452,20150220,15,0,0,50,-17,-9999,-9999,-9999,-9999
GHCND:USC00241044,BOZEMAN MONTANA SU MT US,1497.5,45.6622,-111.0452,20150221,41,51,41,39,-67,-9999,-9999,-9999,-9999
GHCND:USC00241044,BOZEMAN MONTANA SU MT US,1497.5,45.6622,-111.0452,20150222,0,51,0,-50,-228,-9999,-9999,-9999,-9999
GHCND:USC00241044,BOZEMAN MONTANA SU MT US,1497.5,45.6622,-111.0452,20150223,0,51,0,-17,-194,-9999,-9999,-9999,-9999
GHCND:USC00241044,BOZEMAN MONTANA SU MT US,1497.5,45.6622,-111.0452,20150224,0,25,0,39,-117,-9999,-9999,-9999,-9999
GHCND:USC00241044,BOZEMAN MONTANA SU MT US,1497.5,45.6622,-111.0452,20150225,5,25,5,33,-28,-9999,-9999,-9999,-9999
GHCND:USC00241044,BOZEMAN MONTANA SU MT US,1497.5,45.6622,-111.0452,20150226,8,25,8,-11,-139,-9999,-9999,-9999,-9999
GHCND:USC00241044,BOZEMAN MONTANA SU MT US,1497.5,45.6622,-111.0452,20150227,0,25,0,-33,-161,-9999,-9999,-9999,-9999
GHCND:USC00241044,BOZEMAN MONTANA SU MT US,1497.5,45.6622,-111.0452,20150228,5,25,5,-33,-122,-9999,-9999,-9999,-9999
GHCND:USC00241044,BOZEMAN MONTANA SU MT US,1497.5,45.6622,-111.0452,20150301,0,0,0,-11,-156,-9999,-9999,-9999,-9999
GHCND:USC00241044,BOZEMAN MONTANA SU MT US,1497.5,45.6622,-111.0452,20150302,0,0,0,39,-106,-9999,-9999,-9999,-9999
GHCND:USC00241044,BOZEMAN MONTANA SU MT US,1497.5,45.6622,-111.0452,20150303,5,0,0,39,-150,-9999,-9999,-9999,-9999
GHCND:USC00241044,BOZEMAN MONTANA SU MT US,1497.5,45.6622,-111.0452,20150304,0,0,0,-6,-172,-9999,-9999,-9999,-9999
GHCND:USC00241044,BOZEMAN MONTANA SU MT US,1497.5,45.6622,-111.0452,20150305,0,0,0,78,-83,-9999,-9999,-9999,-9999
GHCND:USC00241044,BOZEMAN MONTANA SU MT US,1497.5,45.6622,-111.0452,20150306,0,0,0,111,-44,-9999,-9999,-9999,-9999
GHCND:USC00241044,BOZEMAN MONTANA SU MT US,1497.5,45.6622,-111.0452,20150307,0,0,0,111,-22,-9999,-9999,-9999,-9999
GHCND:USC00241044,BOZEMAN MONTANA SU MT US,1497.5,45.6622,-111.0452,20150308,0,0,0,111,-39,-9999,-9999,-9999,-9999
GHCND:USC00241044,BOZEMAN MONTANA SU MT US,1497.5,45.6622,-111.0452,20150309,0,0,0,133,-28,-9999,-9999,-9999,-9999
GHCND:USC00241044,BOZEMAN MONTANA SU MT US,1497.5,45.6622,-111.0452,20150310,0,0,0,161,-28,-9999,-9999,-9999,-9999
GHCND:USC00241044,BOZEMAN MONTANA SU MT US,1497.5,45.6622,-111.0452,20150311,0,-9999,-9999,167,17,-9999,-9999,-9999,-9999
GHCND:USC00241044,BOZEMAN MONTANA SU MT US,1497.5,45.6622,-111.0452,20150312,0,0,0,139,44,-9999,-9999,-9999,-9999
GHCND:USC00241044,BOZEMAN MONTANA SU MT US,1497.5,45.6622,-111.0452,20150313,0,0,0,144,-44,-9999,-9999,-9999,-9999
GHCND:USC00241044,BOZEMAN MONTANA SU MT US,1497.5,45.6622,-111.0452,20150314,0,0,0,194,22,-9999,-9999,-9999,-9999
GHCND:USC00241044,BOZEMAN MONTANA SU MT US,1497.5,45.6622,-111.0452,20150315,0,0,0,189,67,-9999,-9999,-9999,-9999
GHCND:USC00241044,BOZEMAN MONTANA SU MT US,1497.5,45.6622,-111.0452,20150316,0,0,0,139,44,-9999,-9999,-9999,-9999
GHCND:USC00241044,BOZEMAN MONTANA SU MT US,1497.5,45.6622,-111.0452,20150317,0,0,0,67,-22,-9999,-9999,-9999,-9999
GHCND:USC00241044,BOZEMAN MONTANA SU MT US,1497.5,45.6622,-111.0452,20150318,71,0,0,106,22,1,-9999,-9999,-9999
GHCND:USC00241044,BOZEMAN MONTANA SU MT US,1497.5,45.6622,-111.0452,20150319,0,-9999,-9999,122,-22,-9999,-9999,-9999,-9999
GHCND:USC00241044,BOZEMAN MONTANA SU MT US,1497.5,45.6622,-111.0452,20150320,0,0,0,178,6,-9999,-9999,-9999,-9999
GHCND:USC00241044,BOZEMAN MONTANA SU MT US,1497.5,45.6622,-111.0452,20150321,0,0,0,183,39,-9999,-9999,-9999,-9999
GHCND:USC00241044,BOZEMAN MONTANA SU MT US,1497.5,45.6622,-111.0452,20150322,5,-9999,-9999,150,-17,-9999,-9999,-9999,-9999
GHCND:USC00241044,BOZEMAN MONTANA SU MT US,1497.5,45.6622,-111.0452,20150323,0,0,0,144,39,-9999,-9999,-9999,-9999
GHCND:USC00241044,BOZEMAN MONTANA SU MT US,1497.5,45.6622,-111.0452,20150324,43,-9999,-9999,56,-22,-9999,-9999,-9999,-9999
GHCND:USC00241044,BOZEMAN MONTANA SU MT US,1497.5,45.6622,-111.0452,20150325,25,-9999,25,89,-11,-9999,-9999,-9999,-9999
GHCND:USC00241044,BOZEMAN MONTANA SU MT US,1497.5,45.6622,-111.0452,20150326,0,0,0,144,33,-9999,-9999,-9999,-9999
GHCND:USC00241044,BOZEMAN MONTANA SU MT US,1497.5,45.6622,-111.0452,20150327,0,0,0,206,11,-9999,-9999,-9999,-9999
GHCND:USC00241044,BOZEMAN MONTANA SU MT US,1497.5,45.6622,-111.0452,20150328,5,0,0,206,72,-9999,-9999,-9999,-9999
GHCND:USC00241044,BOZEMAN MONTANA SU MT US,1497.5,45.6622,-111.0452,20150329,0,0,0,139,-33,-9999,-9999,-9999,-9999
GHCND:USC00241044,BOZEMAN MONTANA SU MT US,1497.5,45.6622,-111.0452,20150330,0,0,0,178,17,-9999,-9999,-9999,-9999
GHCND:USC00241044,BOZEMAN MONTANA SU MT US,1497.5,45.6622,-111.0452,20150331,0,0,0,222,56,-9999,-9999,-9999,-9999
GHCND:USC00241044,BOZEMAN MONTANA SU MT US,1497.5,45.6622,-111.0452,20150401,58,0,0,200,-17,-9999,-9999,-9999,-9999
GHCND:USC00241044,BOZEMAN MONTANA SU MT US,1497.5,45.6622,-111.0452,20150402,10,0,0,39,-33,-9999,-9999,-9999,-9999
GHCND:USC00241044,BOZEMAN MONTANA SU MT US,1497.5,45.6622,-111.0452,20150403,0,0,0,78,-56,-9999,-9999,-9999,-9999
GHCND:USC00241044,BOZEMAN MONTANA SU MT US,1497.5,45.6622,-111.0452,20150404,0,0,0,94,-11,-9999,-9999,-9999,-9999
GHCND:USC00241044,BOZEMAN MONTANA SU MT US,1497.5,45.6622,-111.0452,20150405,33,0,0,83,-17,1,-9999,-9999,-9999
GHCND:USC00241044,BOZEMAN MONTANA SU MT US,1497.5,45.6622,-111.0452,20150406,30,0,30,28,-22,-9999,-9999,-9999,-9999
GHCND:USC00241044,BOZEMAN MONTANA SU MT US,1497.5,45.6622,-111.0452,20150407,36,0,36,83,-67,-9999,-9999,-9999,-9999
GHCND:USC00241044,BOZEMAN MONTANA SU MT US,1497.5,45.6622,-111.0452,20150408,0,0,0,100,-33,-9999,-9999,-9999,-9999
GHCND:USC00241044,BOZEMAN MONTANA SU MT US,1497.5,45.6622,-111.0452,20150409,0,0,0,117,-22,-9999,-9999,-9999,-9999
GHCND:USC00241044,BOZEMAN MONTANA SU MT US,1497.5,45.6622,-111.0452,20150410,0,0,0,150,-11,-9999,-9999,-9999,-9999
GHCND:USC00241044,BOZEMAN MONTANA SU MT US,1497.5,45.6622,-111.0452,20150411,0,0,0,144,50,-9999,-9999,-9999,-9999
GHCND:USC00241044,BOZEMAN MONTANA SU MT US,1497.5,45.6622,-111.0452,20150412,25,0,25,128,-28,-9999,-9999,-9999,-9999
GHCND:USC00241044,BOZEMAN MONTANA SU MT US,1497.5,45.6622,-111.0452,20150413,0,0,0,183,-28,-9999,-9999,-9999,-9999
GHCND:USC00241044,BOZEMAN MONTANA SU MT US,1497.5,45.6622,-111.0452,20150414,0,0,0,183,61,-9999,-9999,-9999,-9999
GHCND:USC00241044,BOZEMAN MONTANA SU MT US,1497.5,45.6622,-111.0452,20150415,89,203,203,133,-33,-9999,-9999,-9999,-9999
GHCND:USC00241044,BOZEMAN MONTANA SU MT US,1497.5,45.6622,-111.0452,20150416,5,102,0,100,-67,-9999,-9999,-9999,-9999
GHCND:USC00241044,BOZEMAN MONTANA SU MT US,1497.5,45.6622,-111.0452,20150417,0,0,0,156,-28,-9999,-9999,-9999,-9999
GHCND:USC00241044,BOZEMAN MONTANA SU MT US,1497.5,45.6622,-111.0452,20150418,0,0,0,161,0,-9999,-9999,-9999,-9999
GHCND:USC00241044,BOZEMAN MONTANA SU MT US,1497.5,45.6622,-111.0452,20150419,0,0,0,100,-39,-9999,-9999,-9999,-9999
GHCND:USC00241044,BOZEMAN MONTANA SU MT US,1497.5,45.6622,-111.0452,20150420,0,0,0,144,-11,-9999,-9999,-9999,-9999
GHCND:USC00241044,BOZEMAN MONTANA SU MT US,1497.5,45.6622,-111.0452,20150421,0,0,0,183,11,-9999,-9999,-9999,-9999
GHCND:USC00241044,BOZEMAN MONTANA SU MT US,1497.5,45.6622,-111.0452,20150422,0,0,0,206,33,-9999,-9999,-9999,-9999
GHCND:USC00241044,BOZEMAN MONTANA SU MT US,1497.5,45.6622,-111.0452,20150423,64,0,0,206,44,-9999,-9999,-9999,-9999
GHCND:USC00241044,BOZEMAN MONTANA SU MT US,1497.5,45.6622,-111.0452,20150424,5,0,0,161,33,-9999,-9999,-9999,-9999
GHCND:USC00241044,BOZEMAN MONTANA SU MT US,1497.5,45.6622,-111.0452,20150425,150,0,0,122,-6,-9999,-9999,-9999,-9999
GHCND:USC00241044,BOZEMAN MONTANA SU MT US,1497.5,45.6622,-111.0452,20150426,8,0,0,94,22,-9999,-9999,-9999,-9999
GHCND:USC00241044,BOZEMAN MONTANA SU MT US,1497.5,45.6622,-111.0452,20150427,15,0,0,117,0,-9999,-9999,-9999,-9999
GHCND:USC00241044,BOZEMAN MONTANA SU MT US,1497.5,45.6622,-111.0452,20150428,0,0,0,200,11,-9999,-9999,-9999,-9999
GHCND:USC00241044,BOZEMAN MONTANA SU MT US,1497.5,45.6622,-111.0452,20150429,0,0,0,250,50,-9999,-9999,-9999,-9999
GHCND:USC00241044,BOZEMAN MONTANA SU MT US,1497.5,45.6622,-111.0452,20150430,15,0,0,239,44,-9999,-9999,-9999,1
GHCND:USC00241044,BOZEMAN MONTANA SU MT US,1497.5,45.6622,-111.0452,20150501,0,0,0,211,17,-9999,-9999,-9999,-9999
GHCND:USC00241044,BOZEMAN MONTANA SU MT US,1497.5,45.6622,-111.0452,20150502,0,0,0,206,11,-9999,-9999,-9999,-9999
GHCND:USC00241044,BOZEMAN MONTANA SU MT US,1497.5,45.6622,-111.0452,20150503,0,0,0,206,50,-9999,-9999,-9999,-9999
GHCND:USC00241044,BOZEMAN MONTANA SU MT US,1497.5,45.6622,-111.0452,20150504,0,0,0,211,67,-9999,-9999,-9999,1
GHCND:USC00241044,BOZEMAN MONTANA SU MT US,1497.5,45.6622,-111.0452,20150505,0,0,0,222,83,-9999,-9999,-9999,-9999
GHCND:USC00241044,BOZEMAN MONTANA SU MT US,1497.5,45.6622,-111.0452,20150506,0,0,0,139,44,-9999,-9999,-9999,-9999
GHCND:USC00241044,BOZEMAN MONTANA SU MT US,1497.5,45.6622,-111.0452,20150507,30,0,0,133,11,-9999,-9999,-9999,-9999
GHCND:USC00241044,BOZEMAN MONTANA SU MT US,1497.5,45.6622,-111.0452,20150508,3,0,0,61,28,-9999,-9999,-9999,-9999
GHCND:USC00241044,BOZEMAN MONTANA SU MT US,1497.5,45.6622,-111.0452,20150509,5,0,0,100,17,-9999,-9999,-9999,-9999
GHCND:USC00241044,BOZEMAN MONTANA SU MT US,1497.5,45.6622,-111.0452,20150510,0,0,0,117,-28,-9999,-9999,-9999,-9999
GHCND:USC00241044,BOZEMAN MONTANA SU MT US,1497.5,45.6622,-111.0452,20150511,0,0,0,172,0,-9999,-9999,-9999,-9999
GHCND:USC00241044,BOZEMAN MONTANA SU MT US,1497.5,45.6622,-111.0452,20150512,18,0,0,183,44,-9999,-9999,-9999,-9999
GHCND:USC00241044,BOZEMAN MONTANA SU MT US,1497.5,45.6622,-111.0452,20150513,79,0,0,189,61,1,-9999,-9999,-9999
GHCND:USC00241044,BOZEMAN MONTANA SU MT US,1497.5,45.6622,-111.0452,20150514,13,0,0,194,56,-9999,-9999,-9999,-9999
GHCND:USC00241044,BOZEMAN MONTANA SU MT US,1497.5,45.6622,-111.0452,20150515,0,0,0,128,78,-9999,-9999,-9999,-9999
GHCND:USC00241044,BOZEMAN MONTANA SU MT US,1497.5,45.6622,-111.0452,20150516,132,0,0,128,39,-9999,-9999,-9999,-9999
GHCND:USC00241044,BOZEMAN MONTANA SU MT US,1497.5,45.6622,-111.0452,20150517,135,0,0,83,28,-9999,-9999,-9999,-9999
GHCND:USC00241044,BOZEMAN MONTANA SU MT US,1497.5,45.6622,-111.0452,20150518,3,0,0,72,17,-9999,-9999,-9999,-9999
GHCND:USC00241044,BOZEMAN MONTANA SU MT US,1497.5,45.6622,-111.0452,20150519,0,0,0,100,39,-9999,-9999,-9999,-9999
GHCND:USC00241044,BOZEMAN MONTANA SU MT US,1497.5,45.6622,-111.0452,20150520,0,0,0,128,50,-9999,-9999,-9999,-9999
GHCND:USC00241044,BOZEMAN MONTANA SU MT US,1497.5,45.6622,-111.0452,20150521,0,0,0,183,67,-9999,-9999,-9999,-9999
GHCND:USC00241044,BOZEMAN MONTANA SU MT US,1497.5,45.6622,-111.0452,20150522,5,0,0,178,50,-9999,-9999,-9999,1
GHCND:USC00241044,BOZEMAN MONTANA SU MT US,1497.5,45.6622,-111.0452,20150523,84,0,0,183,83,-9999,-9999,-9999,1
GHCND:USC00241044,BOZEMAN MONTANA SU MT US,1497.5,45.6622,-111.0452,20150524,28,0,0,139,72,-9999,-9999,-9999,-9999
GHCND:USC00241044,BOZEMAN MONTANA SU MT US,1497.5,45.6622,-111.0452,20150525,13,0,0,172,39,-9999,-9999,-9999,-9999
GHCND:USC00241044,BOZEMAN MONTANA SU MT US,1497.5,45.6622,-111.0452,20150526,30,0,0,200,78,-9999,-9999,-9999,-9999
GHCND:USC00241044,BOZEMAN MONTANA SU MT US,1497.5,45.6622,-111.0452,20150527,20,0,0,189,83,-9999,-9999,-9999,-9999
GHCND:USC00241044,BOZEMAN MONTANA SU MT US,1497.5,45.6622,-111.0452,20150528,84,0,0,139,78,-9999,-9999,-9999,-9999
GHCND:USC00241044,BOZEMAN MONTANA SU MT US,1497.5,45.6622,-111.0452,20150529,38,0,0,178,72,-9999,-9999,-9999,-9999
GHCND:USC00241044,BOZEMAN MONTANA SU MT US,1497.5,45.6622,-111.0452,20150530,76,0,0,194,89,-9999,-9999,-9999,1
GHCND:USC00241044,BOZEMAN MONTANA SU MT US,1497.5,45.6622,-111.0452,20150531,5,0,0,233,78,-9999,-9999,-9999,-9999
GHCND:USC00241044,BOZEMAN MONTANA SU MT US,1497.5,45.6622,-111.0452,20150601,3,0,0,261,117,-9999,-9999,-9999,-9999
GHCND:USC00241044,BOZEMAN MONTANA SU MT US,1497.5,45.6622,-111.0452,20150602,30,0,0,250,56,-9999,-9999,-9999,-9999
GHCND:USC00241044,BOZEMAN MONTANA SU MT US,1497.5,45.6622,-111.0452,20150603,48,0,0,217,61,-9999,-9999,-9999,-9999
GHCND:USC00241044,BOZEMAN MONTANA SU MT US,1497.5,45.6622,-111.0452,20150604,5,0,0,211,83,-9999,-9999,-9999,-9999
GHCND:USC00241044,BOZEMAN MONTANA SU MT US,1497.5,45.6622,-111.0452,20150605,5,0,0,-9999,94,-9999,-9999,-9999,-9999
GHCND:USC00241044,BOZEMAN MONTANA SU MT US,1497.5,45.6622,-111.0452,20150606,0,0,0,-9999,78,-9999,-9999,-9999,-9999
GHCND:USC00241044,BOZEMAN MONTANA SU MT US,1497.5,45.6622,-111.0452,20150607,0,0,0,250,122,-9999,-9999,-9999,-9999
GHCND:USC00241044,BOZEMAN MONTANA SU MT US,1497.5,45.6622,-111.0452,20150608,0,0,0,283,128,-9999,-9999,-9999,-9999
GHCND:USC00241044,BOZEMAN MONTANA SU MT US,1497.5,45.6622,-111.0452,20150609,0,0,0,306,128,-9999,-9999,-9999,-9999
GHCND:USC00241044,BOZEMAN MONTANA SU MT US,1497.5,45.6622,-111.0452,20150610,0,0,0,306,128,-9999,-9999,-9999,-9999
GHCND:USC00241044,BOZEMAN MONTANA SU MT US,1497.5,45.6622,-111.0452,20150611,0,0,0,272,100,-9999,-9999,-9999,-9999
GHCND:USC00241044,BOZEMAN MONTANA SU MT US,1497.5,45.6622,-111.0452,20150612,0,0,0,-9999,-9999,-9999,-9999,-9999,-9999
GHCND:USC00241044,BOZEMAN MONTANA SU MT US,1497.5,45.6622,-111.0452,20150613,0,0,0,-9999,-9999,-9999,-9999,-9999,-9999
GHCND:USC00241044,BOZEMAN MONTANA SU MT US,1497.5,45.6622,-111.0452,20150614,0,0,0,233,83,-9999,-9999,-9999,-9999
GHCND:USC00241044,BOZEMAN MONTANA SU MT US,1497.5,45.6622,-111.0452,20150615,0,0,0,183,100,-9999,-9999,-9999,-9999
GHCND:USC00241044,BOZEMAN MONTANA SU MT US,1497.5,45.6622,-111.0452,20150616,10,0,0,-9999,67,-9999,-9999,-9999,-9999
GHCND:USC00241044,BOZEMAN MONTANA SU MT US,1497.5,45.6622,-111.0452,20150617,8,0,0,244,100,-9999,-9999,-9999,-9999
GHCND:USC00241044,BOZEMAN MONTANA SU MT US,1497.5,45.6622,-111.0452,20150618,0,0,0,250,128,-9999,-9999,-9999,-9999
GHCND:USC00241044,BOZEMAN MONTANA SU MT US,1497.5,45.6622,-111.0452,20150619,5,0,0,-9999,-9999,-9999,-9999,-9999,-9999
GHCND:USC00241044,BOZEMAN MONTANA SU MT US,1497.5,45.6622,-111.0452,20150620,3,0,0,-9999,-9999,-9999,-9999,-9999,-9999
GHCND:USC00241044,BOZEMAN MONTANA SU MT US,1497.5,45.6622,-111.0452,20150621,0,0,0,250,89,-9999,-9999,-9999,-9999
GHCND:USC00241044,BOZEMAN MONTANA SU MT US,1497.5,45.6622,-111.0452,20150622,13,0,0,250,72,-9999,-9999,-9999,-9999
GHCND:USC00241044,BOZEMAN MONTANA SU MT US,1497.5,45.6622,-111.0452,20150623,0,0,0,261,106,-9999,-9999,-9999,-9999
GHCND:USC00241044,BOZEMAN MONTANA SU MT US,1497.5,45.6622,-111.0452,20150624,0,0,0,267,111,-9999,-9999,-9999,-9999
GHCND:USC00241044,BOZEMAN MONTANA SU MT US,1497.5,45.6622,-111.0452,20150625,0,0,0,272,128,-9999,-9999,-9999,-9999
GHCND:USC00241044,BOZEMAN MONTANA SU MT US,1497.5,45.6622,-111.0452,20150626,0,0,0,-9999,-9999,-9999,-9999,-9999,-9999
GHCND:USC00241044,BOZEMAN MONTANA SU MT US,1497.5,45.6622,-111.0452,20150627,0,0,0,344,-9999,-9999,-9999,-9999,-9999
GHCND:USC00241044,BOZEMAN MONTANA SU MT US,1497.5,45.6622,-111.0452,20150628,0,0,0,344,161,-9999,-9999,-9999,-9999
GHCND:USC00241044,BOZEMAN MONTANA SU MT US,1497.5,45.6622,-111.0452,20150629,0,-9999,-9999,356,133,-9999,-9999,-9999,-9999
GHCND:USC00241044,BOZEMAN MONTANA SU MT US,1497.5,45.6622,-111.0452,20150630,18,0,0,-9999,144,-9999,-9999,-9999,-9999
